{
  "production": false,
  "baseUrl": "https://localhost:44380",
  "aiCloudRole": "localhost",
  "b2cAuthenticationFlow": "b2c_1a_signup_signin_adacap-rome-rltcare",
  "b2cForgotPasswordFlow": "b2c_1a_passwordreset-rome-rltcare",
  "appInsightsConnectionString": "InstrumentationKey=b2701d96-7962-4625-a881-45fed4d926d0;IngestionEndpoint=https://westeurope-5.in.applicationinsights.azure.com/;LiveEndpoint=https://westeurope.livediagnostics.monitor.azure.com/;ApplicationId=59ecd85f-d154-48a5-83cd-f66d18092454",
  "recaptchaSiteKey": "6Lez4qcaAAAAAD20j7uuN_xILxKyR8x_f006cwvI",
  "logoutWarningInterval": 300000,
  "authentication": {
    "clientID": "e2588611-79f5-488d-9937-615fcc239301",
    "authority": "https://devromeintlb2c.b2clogin.com/tfp/devromeintlb2c.onmicrosoft.com/B2C_1A_signup_signin_adacap-rome-rltcare-develop",
    "inviteAuthority": "https://devromeintlb2c.b2clogin.com/tfp/devromeintlb2c.onmicrosoft.com/B2C_1A_signup_invitation-rome-rltcare-develop",
    "redirectUri": "https://localhost:44323/login",
    "validateAuthority": false,
    "cacheLocation": "localStorage",
    "postLogoutRedirectUri": "https://localhost:44323/login",
    "navigateToLoginRequestUrl": false,
    "popUp": true,
    "consentScopes": [
      "user_impersonation",
      "https://devromeintlb2c.onmicrosoft.com/api/user_impersonation"
    ],
    "protectedResourceMap": [
      ["https://localhost:44380", ["e2588611-79f5-488d-9937-615fcc239301"]]
    ],
    "loadFrameTimeout": 900000,
    "renewTokenBeforeExpires": 1800000,
    "enableLogging": false,
    "enablePiiLogging": false
  },
  "gtm": {
    "id": "G-2MXBSKT4V8",
    "debug": true
  },
  "caching": {
    "endpoints": [
      "api/v1/products",
      "api/v1/orderType",
      "api/v1/Institutions",
      "api/v1/OrderStatusType",
      "api/v1/subOrderType",
      "api/v1/Lookup",
      "api/v1/products/updateOrderCutOffs",
      "api/v1/FormPropertyOrderTypes",
      "api/v1/DeliveryAddress",
      "api/v1/Accounts",
      "api/v1/Users",
      "api/v1/products/productConfigurationForOrders",
      "api/v1/products/warehouseBlocksForOrders",
      "api/v1/OrderStatusType/categories",
      "api/v1/OrderStatusType/types",
      "api/v1/products/initialStatusForOrder",
      "api/v1/subOrderType/filter"
    ]
  }
}
